{
  "Parameters" : {
    "appName" : {
      "Type" : "String"
    }
  },
  "Resources": {
    "MyDBSubnetGroup" : {
      "Type" : "AWS::RDS::DBSubnetGroup",
      "Properties" : {
        "DBSubnetGroupDescription" : "Subnets available for the RDS DB Instance",
        "SubnetIds" : ["subnet-00dff95bd6f79e1a1","subnet-0618e66635977b338","subnet-0599ac92d62a67ce1","subnet-0a9419c17ed65a959"]
      }
    },
    "RDSCluster": {
      "Type": "AWS::RDS::DBCluster",
      "Properties": {
        "MasterUsername": "scoeuser",
        "MasterUserPassword": "1234abcd",
        "DBClusterIdentifier": { "Ref" : "appName" },
        "Engine": "aurora-postgresql",
        "EngineVersion": "10.14",
        "DBSubnetGroupName": {
          "Ref": "MyDBSubnetGroup"
        },
        "Port": 5432,
        "DBClusterParameterGroupName": "default.aurora-postgresql10",
        "VpcSecurityGroupIds" : ["sg-01d57021407e02397","sg-039ef6c475ac4d566"]
      }
    },
    "RDSDBInstance1": {
      "Type": "AWS::RDS::DBInstance",
      "Properties": {
        "DBInstanceIdentifier": { "Fn::Sub": [ "${appName}-instance-1", { "appName": {"Ref" : "appName" }} ]},
        "Engine": "aurora-postgresql",
        "DBClusterIdentifier": {
          "Ref": "RDSCluster"
        },
        "PubliclyAccessible": "true",
        "DBInstanceClass": "db.r4.large",
        "DBSubnetGroupName": {
          "Ref": "MyDBSubnetGroup"
        }
      }
    }
  },
  "Outputs" : {
    "DBEndpoint": {
      "Description": "The connection endpoint for the database",
      "Value": {
        "Fn::GetAtt": ["RDSCluster","Endpoint.Address"]
      }
    }
  }
}
