{
    "dev": {
        "awscloudformation": {
            "AuthRoleName": "amplify-taskautomationtoolsy-dev-210952-authRole",
            "UnauthRoleArn": "arn:aws:iam::753274046439:role/amplify-taskautomationtoolsy-dev-210952-unauthRole",
            "AuthRoleArn": "arn:aws:iam::753274046439:role/amplify-taskautomationtoolsy-dev-210952-authRole",
            "Region": "eu-west-1",
            "DeploymentBucketName": "amplify-taskautomationtoolsy-dev-210952-deployment",
            "UnauthRoleName": "amplify-taskautomationtoolsy-dev-210952-unauthRole",
            "StackName": "amplify-taskautomationtoolsy-dev-210952",
            "StackId": "arn:aws:cloudformation:eu-west-1:753274046439:stack/amplify-taskautomationtoolsy-dev-210952/99d20560-a1d7-11ea-bc9c-0615f1e712e0",
            "AmplifyAppId": "d2iz2oxblx7hgj"
        },
        "categories": {
            "auth": {
                "taskautomationtoolsy52edf173": {}
            }
        }
    }
}