{
	"providers": {
		"awscloudformation": {
			"AuthRoleName": "amplify-taskautomationtoolsy-dev-210952-authRole",
			"UnauthRoleArn": "arn:aws:iam::753274046439:role/amplify-taskautomationtoolsy-dev-210952-unauthRole",
			"AuthRoleArn": "arn:aws:iam::753274046439:role/amplify-taskautomationtoolsy-dev-210952-authRole",
			"Region": "eu-west-1",
			"DeploymentBucketName": "amplify-taskautomationtoolsy-dev-210952-deployment",
			"UnauthRoleName": "amplify-taskautomationtoolsy-dev-210952-unauthRole",
			"StackName": "amplify-taskautomationtoolsy-dev-210952",
			"StackId": "arn:aws:cloudformation:eu-west-1:753274046439:stack/amplify-taskautomationtoolsy-dev-210952/99d20560-a1d7-11ea-bc9c-0615f1e712e0",
			"AmplifyAppId": "d2iz2oxblx7hgj"
		}
	},
	"auth": {
		"taskautomationtoolsy52edf173": {
			"service": "Cognito",
			"providerPlugin": "awscloudformation",
			"dependsOn": [],
			"customAuth": false,
			"providerMetadata": {
				"s3TemplateURL": "https://s3.amazonaws.com/amplify-taskautomationtoolsy-dev-210952-deployment/amplify-cfn-templates/auth/taskautomationtoolsy52edf173-cloudformation-template.yml",
				"logicalId": "authtaskautomationtoolsy52edf173"
			},
			"lastPushTimeStamp": "2020-05-29T19:22:04.104Z",
			"output": {
				"AppClientSecret": "dmo82m8krcit3gl644s16c9tahn4tjfshcb504osvtejgqgmts6",
				"UserPoolId": "eu-west-1_44IiEO556",
				"AppClientIDWeb": "39g2mn09ir5jdsdultfdm6gth9",
				"AppClientID": "l0mf3flkaclptbbqmr59o6bs5",
				"IdentityPoolId": "eu-west-1:c18f3dc4-dac8-4133-89a9-cf517ba428d3",
				"IdentityPoolName": "taskautomationtoolsy52edf173_identitypool_52edf173__dev",
				"UserPoolName": "taskautomationtoolsy52edf173_userpool_52edf173"
			},
			"lastPushDirHash": "vFiPynm7KDsT3GqiOEwA4sxWiD0="
		}
	}
}