
{
  "header": {
    "reportVersion": 1,
    "event": "Allocation failed - JavaScript heap out of memory",
    "trigger": "FatalError",
    "filename": "report.20201224.190005.13944.0.001.json",
    "dumpEventTime": "2020-12-24T19:00:05Z",
    "dumpEventTimeStamp": "1608829205660",
    "processId": 13944,
    "cwd": "C:\\CI Builds\\FDController\\FD Controller UI\\feature_1.0\\fdcontrollerui",
    "commandLine": [
      "C:\\Program Files\\nodejs\\node.exe",
      "C:\\Users\\gshalev6\\AppData\\Roaming\\npm/node_modules/@angular/cli/bin/ng",
      "serve",
      "--open"
    ],
    "nodejsVersion": "v12.14.1",
    "wordSize": 64,
    "arch": "x64",
    "platform": "win32",
    "componentVersions": {
      "node": "12.14.1",
      "v8": "7.7.299.13-node.16",
      "uv": "1.33.1",
      "zlib": "1.2.11",
      "brotli": "1.0.7",
      "ares": "1.15.0",
      "modules": "72",
      "nghttp2": "1.40.0",
      "napi": "5",
      "llhttp": "2.0.1",
      "http_parser": "2.8.0",
      "openssl": "1.1.1d",
      "cldr": "35.1",
      "icu": "64.2",
      "tz": "2019c",
      "unicode": "12.1"
    },
    "release": {
      "name": "node",
      "lts": "Erbium",
      "headersUrl": "https://nodejs.org/download/release/v12.14.1/node-v12.14.1-headers.tar.gz",
      "sourceUrl": "https://nodejs.org/download/release/v12.14.1/node-v12.14.1.tar.gz",
      "libUrl": "https://nodejs.org/download/release/v12.14.1/win-x64/node.lib"
    },
    "osName": "Windows_NT",
    "osRelease": "10.0.17763",
    "osVersion": "Windows 10 Enterprise",
    "osMachine": "x86_64",
    "cpus": [
      {
        "model": "Intel(R) Core(TM) i5-8350U CPU @ 1.70GHz",
        "speed": 1896,
        "user": 7626312,
        "nice": 0,
        "sys": 12098968,
        "idle": 119780031,
        "irq": 1531000
      },
      {
        "model": "Intel(R) Core(TM) i5-8350U CPU @ 1.70GHz",
        "speed": 1896,
        "user": 4974093,
        "nice": 0,
        "sys": 6212578,
        "idle": 128318046,
        "irq": 113453
      },
      {
        "model": "Intel(R) Core(TM) i5-8350U CPU @ 1.70GHz",
        "speed": 1896,
        "user": 7533593,
        "nice": 0,
        "sys": 9680890,
        "idle": 122290234,
        "irq": 202140
      },
      {
        "model": "Intel(R) Core(TM) i5-8350U CPU @ 1.70GHz",
        "speed": 1896,
        "user": 6626015,
        "nice": 0,
        "sys": 7193046,
        "idle": 125685656,
        "irq": 160828
      },
      {
        "model": "Intel(R) Core(TM) i5-8350U CPU @ 1.70GHz",
        "speed": 1896,
        "user": 6667687,
        "nice": 0,
        "sys": 9860437,
        "idle": 122976578,
        "irq": 152625
      },
      {
        "model": "Intel(R) Core(TM) i5-8350U CPU @ 1.70GHz",
        "speed": 1896,
        "user": 5242343,
        "nice": 0,
        "sys": 6242281,
        "idle": 128020078,
        "irq": 79546
      },
      {
        "model": "Intel(R) Core(TM) i5-8350U CPU @ 1.70GHz",
        "speed": 1896,
        "user": 7558984,
        "nice": 0,
        "sys": 9894859,
        "idle": 122050859,
        "irq": 121515
      },
      {
        "model": "Intel(R) Core(TM) i5-8350U CPU @ 1.70GHz",
        "speed": 1896,
        "user": 7021531,
        "nice": 0,
        "sys": 7085203,
        "idle": 125397968,
        "irq": 97781
      }
    ],
    "networkInterfaces": [
      {
        "name": "Ethernet 2",
        "internal": false,
        "mac": "00:05:9a:3c:7a:00",
        "address": "10.214.228.129",
        "netmask": "255.255.240.0",
        "family": "IPv4"
      },
      {
        "name": "Wi-Fi",
        "internal": false,
        "mac": "b4:69:21:77:5b:2d",
        "address": "fe80::c514:e1a:ee2e:dae3",
        "netmask": "ffff:ffff:ffff:ffff::",
        "family": "IPv6",
        "scopeid": 21
      },
      {
        "name": "Wi-Fi",
        "internal": false,
        "mac": "b4:69:21:77:5b:2d",
        "address": "10.0.0.53",
        "netmask": "255.255.255.0",
        "family": "IPv4"
      },
      {
        "name": "Loopback Pseudo-Interface 1",
        "internal": true,
        "mac": "00:00:00:00:00:00",
        "address": "::1",
        "netmask": "ffff:ffff:ffff:ffff:ffff:ffff:ffff:ffff",
        "family": "IPv6",
        "scopeid": 0
      },
      {
        "name": "Loopback Pseudo-Interface 1",
        "internal": true,
        "mac": "00:00:00:00:00:00",
        "address": "127.0.0.1",
        "netmask": "255.0.0.0",
        "family": "IPv4"
      },
      {
        "name": "vEthernet (Default Switch)",
        "internal": false,
        "mac": "02:15:bd:29:60:ad",
        "address": "fe80::c0f6:e9a9:a282:fa32",
        "netmask": "ffff:ffff:ffff:ffff::",
        "family": "IPv6",
        "scopeid": 27
      },
      {
        "name": "vEthernet (Default Switch)",
        "internal": false,
        "mac": "02:15:bd:29:60:ad",
        "address": "192.168.224.161",
        "netmask": "255.255.255.240",
        "family": "IPv4"
      }
    ],
    "host": "gshalev6-MOBL"
  },
  "javascriptStack": {
    "message": "No stack.",
    "stack": [
      "Unavailable."
    ]
  },
  "nativeStack": [
    {
      "pc": "0x00007ff603f61759",
      "symbol": "std::basic_ostream<char,std::char_traits<char> >::operator<<+10873"
    },
    {
      "pc": "0x00007ff603f65b7c",
      "symbol": "std::basic_ostream<char,std::char_traits<char> >::operator<<+28316"
    },
    {
      "pc": "0x00007ff603f64b38",
      "symbol": "std::basic_ostream<char,std::char_traits<char> >::operator<<+24152"
    },
    {
      "pc": "0x00007ff60405433b",
      "symbol": "v8::base::CPU::has_sse+37723"
    },
    {
      "pc": "0x00007ff604858c5e",
      "symbol": "v8::Isolate::ReportExternalAllocationLimitReached+94"
    },
    {
      "pc": "0x00007ff604840ca1",
      "symbol": "v8::SharedArrayBuffer::Externalize+833"
    },
    {
      "pc": "0x00007ff60470e56c",
      "symbol": "v8::internal::Heap::EphemeronKeyWriteBarrierFromCode+1436"
    },
    {
      "pc": "0x00007ff604719910",
      "symbol": "v8::internal::Heap::ProtectUnprotectedMemoryChunks+1312"
    },
    {
      "pc": "0x00007ff604716444",
      "symbol": "v8::internal::Heap::PageFlagsAreConsistent+3204"
    },
    {
      "pc": "0x00007ff60470bcd3",
      "symbol": "v8::internal::Heap::CollectGarbage+1283"
    },
    {
      "pc": "0x00007ff60470a4a4",
      "symbol": "v8::internal::Heap::AddRetainedMap+2356"
    },
    {
      "pc": "0x00007ff604732333",
      "symbol": "v8::internal::Factory::NewRawOneByteString+83"
    },
    {
      "pc": "0x00007ff6045e29f1",
      "symbol": "v8::internal::JSTypedArray::element_size+8961"
    },
    {
      "pc": "0x00007ff604495e3a",
      "symbol": "v8::internal::DateCache::LocalTimezone+794"
    },
    {
      "pc": "0x00007ff604c8463d",
      "symbol": "v8::internal::SetupIsolateDelegate::SetupHeap+567949"
    },
    {
      "pc": "0x00007ff604cd6b75",
      "symbol": "v8::internal::SetupIsolateDelegate::SetupHeap+905157"
    },
    {
      "pc": "0x000000b6ed371968",
      "symbol": ""
    }
  ],
  "javascriptHeap": {
    "totalMemory": 2150764544,
    "totalCommittedMemory": 2150764544,
    "usedMemory": 2075728264,
    "availableMemory": 54235840,
    "memoryLimit": 2197815296,
    "heapSpaces": {
      "read_only_space": {
        "memorySize": 262144,
        "committedMemory": 262144,
        "capacity": 261872,
        "used": 32296,
        "available": 229576
      },
      "new_space": {
        "memorySize": 2097152,
        "committedMemory": 2097152,
        "capacity": 1047488,
        "used": 471456,
        "available": 576032
      },
      "old_space": {
        "memorySize": 1797632000,
        "committedMemory": 1797632000,
        "capacity": 1783332216,
        "used": 1778000224,
        "available": 5331992
      },
      "code_space": {
        "memorySize": 8814592,
        "committedMemory": 8814592,
        "capacity": 7546464,
        "used": 7546464,
        "available": 0
      },
      "map_space": {
        "memorySize": 56365056,
        "committedMemory": 56365056,
        "capacity": 4982560,
        "used": 4982560,
        "available": 0
      },
      "large_object_space": {
        "memorySize": 284971008,
        "committedMemory": 284971008,
        "capacity": 284144864,
        "used": 284144864,
        "available": 0
      },
      "code_large_object_space": {
        "memorySize": 622592,
        "committedMemory": 622592,
        "capacity": 550400,
        "used": 550400,
        "available": 0
      },
      "new_large_object_space": {
        "memorySize": 0,
        "committedMemory": 0,
        "capacity": 1047488,
        "used": 0,
        "available": 1047488
      }
    }
  },
  "resourceUsage": {
    "userCpuSeconds": 3839.95,
    "kernelCpuSeconds": 171.328,
    "cpuConsumptionPercent": 2.01392,
    "maxRss": 2510020608,
    "pageFaults": {
      "IORequired": 19493518,
      "IONotRequired": 0
    },
    "fsActivity": {
      "reads": 14637,
      "writes": 103
    }
  },
  "libuv": [
  ],
  "environmentVariables": {
    "ALLUSERSPROFILE": "C:\\ProgramData",
    "APPDATA": "C:\\Users\\gshalev6\\AppData\\Roaming",
    "BROWSERSLIST_IGNORE_OLD_DATA": "1",
    "ChocolateyInstall": "C:\\ProgramData\\chocolatey",
    "ChocolateyLastPathUpdate": "Sun Mar  3 20:19:08 2019",
    "CHROME_CRASHPAD_PIPE_NAME": "\\\\.\\pipe\\crashpad_13844_QMXGAPUXKZGWIHLK",
    "CommonProgramFiles": "C:\\Program Files\\Common Files",
    "CommonProgramFiles(x86)": "C:\\Program Files (x86)\\Common Files",
    "CommonProgramW6432": "C:\\Program Files\\Common Files",
    "COMPUTERNAME": "GSHALEV6-MOBL",
    "ComSpec": "C:\\WINDOWS\\system32\\cmd.exe",
    "DEFLOGDIR": "C:\\ProgramData\\McAfee\\Endpoint Security\\Logs",
    "DEPLOYMENT_JSON": "C:\\temp\\Output\\deployment.json",
    "DriverData": "C:\\Windows\\System32\\Drivers\\DriverData",
    "FPS_BROWSER_APP_PROFILE_STRING": "Internet Explorer",
    "FPS_BROWSER_USER_PROFILE_STRING": "Default",
    "HOMEDRIVE": "C:",
    "HOMEPATH": "\\Users\\gshalev6",
    "HTTPS_PROXY": "http://proxy.iil.intel.com:911",
    "HTTP_PROXY": "http://proxy.iil.intel.com:911",
    "Intellogs": "C:\\Intel\\Logs",
    "JAVA_HOME": "C:\\Program Files\\AdoptOpenJDK\\jdk-8.0.252.09-hotspot\\",
    "LOCALAPPDATA": "C:\\Users\\gshalev6\\AppData\\Local",
    "LOGONSERVER": "\\\\HASGER503",
    "NO_PROXY": "gitlab.devtools.intel.com",
    "NUMBER_OF_PROCESSORS": "8",
    "OneDrive": "C:\\Users\\gshalev6\\OneDrive - Intel Corporation",
    "OneDriveCommercial": "C:\\Users\\gshalev6\\OneDrive - Intel Corporation",
    "ORIGINAL_XDG_CURRENT_DESKTOP": "undefined",
    "OS": "Windows_NT",
    "Path": "C:\\Program Files\\AdoptOpenJDK\\jdk-8.0.252.09-hotspot\\bin;C:\\ProgramData\\Oracle\\Java\\javapath;C:\\WINDOWS\\system32;C:\\WINDOWS;C:\\WINDOWS\\System32\\Wbem;C:\\WINDOWS\\System32\\WindowsPowerShell\\v1.0\\;C:\\Program Files\\dotnet\\;C:\\Program Files\\Microsoft SQL Server\\130\\Tools\\Binn\\;C:\\Program Files\\PuTTY\\;C:\\Program Files\\CMake\\bin;C:\\Program Files\\Java\\jdk1.8.0_201\\bin;C:\\MY_MAVEN\\apache-maven-3.6.0-bin\\apache-maven-3.6.0\\bin;C:\\ProgramData\\chocolatey\\bin;C:\\Program Files\\Git\\cmd;C:\\Program Files\\Microsoft SQL Server\\Client SDK\\ODBC\\170\\Tools\\Binn\\;C:\\WINDOWS\\System32\\OpenSSH\\;C:\\Program Files\\Amazon\\AWSCLI\\bin\\;C:\\Program Files (x86)\\Microsoft SQL Server\\150\\DTS\\Binn\\;C:\\Program Files (x86)\\Microsoft SQL Server\\150\\Tools\\Binn\\;C:\\Program Files\\Microsoft SQL Server\\150\\Tools\\Binn\\;C:\\Program Files\\Microsoft SQL Server\\150\\DTS\\Binn\\;C:\\Program Files\\Kubernetes\\Minikube;C:\\Program Files (x86)\\GnuWin32\\bin;C:\\Program Files\\nodejs\\;C:\\Program Files (x86)\\Yarn\\bin\\;C:\\Program Files (x86)\\Intel\\Intel(R) Management Engine Components\\DAL;C:\\Program Files\\Intel\\Intel(R) Management Engine Components\\DAL;C:\\Users\\gshalev6\\AppData\\Local\\Programs\\Python\\Python38;C:\\Users\\gshalev6\\AppData\\Local\\Programs\\Python\\Python38\\Scripts;C:\\Program Files\\Amazon\\AWSCLIV2\\;C:\\Program Files (x86)\\Java\\jre1.8.0_201\\bin;;C:\\Program Files\\Docker\\Docker\\resources\\bin;C:\\ProgramData\\DockerDesktop\\version-bin;C:\\Program Files\\AdoptOpenJDK\\jdk-8.0.252.09-hotspot\\bin;C:\\Users\\gshalev6\\AppData\\Local\\Microsoft\\WindowsApps;C:\\Users\\gshalev6\\.dotnet\\tools;C:\\Users\\gshalev6\\AppData\\Local\\Programs\\Microsoft VS Code\\bin;C:\\Users\\gshalev6\\AppData\\Local\\Microsoft\\WindowsApps;C:\\Users\\gshalev6\\AppData\\Roaming\\npm;C:\\Users\\gshalev6\\AppData\\Local\\Yarn\\bin;C:\\Users\\gshalev6\\Downloads\\Ubuntu;C:\\Program Files\\MongoDB\\Server\\4.2\\bin;C:\\Users\\gshalev6\\AppData\\Local\\Programs\\Python\\Python38;C:\\Users\\gshalev6\\AppData\\Local\\Programs\\Python\\Python38\\Scripts;C:\\Program Files\\JetBrains\\WebStorm 2019.3.4\\bin;;C:\\Program Files\\JetBrains\\PhpStorm 2019.3.3\\bin;;C:\\Program Files\\Amazon\\AWSCLIV2;C:\\Program Files (x86)\\Java\\jre1.8.0_201\\bin;C:\\Users\\gshalev6\\.dotnet\\tools",
    "PATHEXT": ".COM;.EXE;.BAT;.CMD;.VBS;.VBE;.JS;.JSE;.WSF;.WSH;.MSC;.CPL",
    "PhpStorm": "C:\\Program Files\\JetBrains\\PhpStorm 2019.3.3\\bin;",
    "PROCESSOR_ARCHITECTURE": "AMD64",
    "PROCESSOR_IDENTIFIER": "Intel64 Family 6 Model 142 Stepping 10, GenuineIntel",
    "PROCESSOR_LEVEL": "6",
    "PROCESSOR_REVISION": "8e0a",
    "ProgramData": "C:\\ProgramData",
    "ProgramFiles": "C:\\Program Files",
    "ProgramFiles(x86)": "C:\\Program Files (x86)",
    "ProgramW6432": "C:\\Program Files",
    "PSModulePath": "C:\\Users\\gshalev6\\OneDrive - Intel Corporation\\Documents\\WindowsPowerShell\\Modules;C:\\Program Files\\WindowsPowerShell\\Modules;C:\\WINDOWS\\system32\\WindowsPowerShell\\v1.0\\Modules;C:\\Program Files (x86)\\Microsoft SQL Server\\150\\Tools\\PowerShell\\Modules\\;C:\\Program Files (x86)\\Microsoft Azure Information Protection\\Powershell",
    "PUBLIC": "C:\\Users\\Public",
    "SESSIONNAME": "Console",
    "SystemDrive": "C:",
    "SystemRoot": "C:\\WINDOWS",
    "TEMP": "C:\\Users\\gshalev6\\AppData\\Local\\Temp",
    "TMP": "C:\\Users\\gshalev6\\AppData\\Local\\Temp",
    "TMPDIR": "C:\\Users\\Public\\Documents\\Wondershare\\CreatorTemp",
    "UATDATA": "C:\\windows\\CCM\\UATData\\D9F8C395-CAB8-491d-B8AC-179A1FE1BE77",
    "USERDNSDOMAIN": "GER.CORP.INTEL.COM",
    "USERDOMAIN": "GER",
    "USERDOMAIN_ROAMINGPROFILE": "GER",
    "USERNAME": "gshalev6",
    "USERPROFILE": "C:\\Users\\gshalev6",
    "WEBPACK_DEV_SERVER": "true",
    "WebStorm": "C:\\Program Files\\JetBrains\\WebStorm 2019.3.4\\bin;",
    "windir": "C:\\WINDOWS",
    "_JAVA_OPTIONS": "-Djava.net.preferIPv4Stack=true",
    "TERM_PROGRAM": "vscode",
    "TERM_PROGRAM_VERSION": "1.52.1",
    "LANG": "en_US.UTF-8",
    "COLORTERM": "truecolor",
    "VSCODE_GIT_IPC_HANDLE": "\\\\.\\pipe\\vscode-git-0837b7b88f-sock",
    "GIT_ASKPASS": "c:\\Users\\gshalev6\\AppData\\Local\\Programs\\Microsoft VS Code\\resources\\app\\extensions\\git\\dist\\askpass.sh",
    "VSCODE_GIT_ASKPASS_NODE": "C:\\Users\\gshalev6\\AppData\\Local\\Programs\\Microsoft VS Code\\Code.exe",
    "VSCODE_GIT_ASKPASS_MAIN": "c:\\Users\\gshalev6\\AppData\\Local\\Programs\\Microsoft VS Code\\resources\\app\\extensions\\git\\dist\\askpass-main.js"
  },
  "sharedObjects": [
    "C:\\Program Files\\nodejs\\node.exe",
    "C:\\WINDOWS\\SYSTEM32\\ntdll.dll",
    "C:\\WINDOWS\\System32\\KERNEL32.DLL",
    "C:\\WINDOWS\\System32\\KERNELBASE.dll",
    "C:\\WINDOWS\\System32\\WS2_32.dll",
    "C:\\WINDOWS\\System32\\RPCRT4.dll",
    "C:\\WINDOWS\\System32\\ADVAPI32.dll",
    "C:\\WINDOWS\\System32\\msvcrt.dll",
    "C:\\WINDOWS\\System32\\sechost.dll",
    "C:\\WINDOWS\\System32\\USER32.dll",
    "C:\\WINDOWS\\System32\\win32u.dll",
    "C:\\WINDOWS\\System32\\GDI32.dll",
    "C:\\WINDOWS\\System32\\gdi32full.dll",
    "C:\\WINDOWS\\System32\\msvcp_win.dll",
    "C:\\WINDOWS\\SYSTEM32\\dbghelp.dll",
    "C:\\WINDOWS\\System32\\ucrtbase.dll",
    "C:\\WINDOWS\\System32\\PSAPI.DLL",
    "C:\\WINDOWS\\System32\\CRYPT32.dll",
    "C:\\WINDOWS\\System32\\MSASN1.dll",
    "C:\\WINDOWS\\System32\\bcrypt.dll",
    "C:\\WINDOWS\\SYSTEM32\\IPHLPAPI.DLL",
    "C:\\WINDOWS\\SYSTEM32\\USERENV.dll",
    "C:\\WINDOWS\\System32\\profapi.dll",
    "C:\\WINDOWS\\SYSTEM32\\WINMM.dll",
    "C:\\WINDOWS\\SYSTEM32\\winmmbase.dll",
    "C:\\WINDOWS\\System32\\cfgmgr32.dll",
    "C:\\WINDOWS\\System32\\IMM32.DLL",
    "C:\\WINDOWS\\System32\\powrprof.dll",
    "C:\\WINDOWS\\SYSTEM32\\CRYPTBASE.DLL",
    "C:\\WINDOWS\\System32\\bcryptPrimitives.dll",
    "C:\\WINDOWS\\system32\\uxtheme.dll",
    "C:\\WINDOWS\\System32\\combase.dll",
    "C:\\WINDOWS\\system32\\mswsock.dll",
    "C:\\WINDOWS\\System32\\kernel.appcore.dll",
    "C:\\WINDOWS\\System32\\NSI.dll",
    "C:\\WINDOWS\\SYSTEM32\\dhcpcsvc6.DLL",
    "C:\\WINDOWS\\SYSTEM32\\dhcpcsvc.DLL",
    "C:\\WINDOWS\\SYSTEM32\\DNSAPI.dll",
    "C:\\Windows\\System32\\rasadhlp.dll",
    "C:\\WINDOWS\\System32\\fwpuclnt.dll",
    "C:\\WINDOWS\\system32\\napinsp.dll",
    "C:\\WINDOWS\\system32\\pnrpnsp.dll",
    "C:\\WINDOWS\\System32\\winrnr.dll",
    "C:\\WINDOWS\\system32\\NLAapi.dll",
    "C:\\WINDOWS\\system32\\wshbth.dll"
  ]
}