{
  "AWSTemplateFormatVersion" : "2010-09-09",
  "Parameters" : {
    "bucketName" : {
      "Type" : "String"
    }
  },
  "Resources" : {
    "dashboardS3" : {
      "Type" : "AWS::S3::Bucket",
      "Properties" : {
        "BucketName" : { "Ref" : "bucketName" }
      }
    },
    "bucketPolicy": {
      "Type": "AWS::S3::BucketPolicy",
      "Properties": {
        "PolicyDocument": {
          "Id": "PolicyForCloudFrontPrivateContent",
          "Version": "2012-10-17",
          "Statement": [
            {
              "Sid": "1",
              "Effect": "Allow",
              "Principal": {
                "AWS": {
                  "Fn::Sub": "arn:aws:iam::cloudfront:user/CloudFront Origin Access Identity ${OriginAccessId}",
                }
              },
              "Action": "s3:GetObject",
              "Resource": {
                "Fn::Join": [
                  "",
                  [
                    "arn:aws:s3:::",
                    {
                      "Ref": "dashboardS3"
                    },
                    "/*"
                  ]
                ]
              }
            }
          ]
        },
        "Bucket": {
          "Ref": "dashboardS3"
        }
      }
    },
    "OriginAccessId": {
      "Type": "AWS::CloudFront::CloudFrontOriginAccessIdentity",
      "Properties": {
        "CloudFrontOriginAccessIdentityConfig": {
          "Comment": "MyDescription"
        }
      }
    },
    "myDistribution" : {
      "Type" : "AWS::CloudFront::Distribution",
      "Properties" : {
        "DistributionConfig" : {
          "Origins" : [ {
            "DomainName" : { "Fn::Sub": [ "${bucketName}.s3.amazonaws.com", { "bucketName": {"Ref" : "bucketName" }} ]},
            "Id" : "myS3Origin",
            "S3OriginConfig" : {
              "OriginAccessIdentity" : {
                "Fn::Sub": "origin-access-identity/cloudfront/${OriginAccessId}"
              }
            }
          }],
          "Enabled" : "true",
          "Comment" : "Some comment",
          "DefaultRootObject" : "index.html",
          "Aliases" : [],
          "DefaultCacheBehavior" : {
            "AllowedMethods" : [ "DELETE", "GET", "HEAD", "OPTIONS", "PATCH", "POST", "PUT" ],
            "TargetOriginId" : "myS3Origin",
            "ForwardedValues" : {
              "QueryString" : "false",
              "Cookies" : { "Forward" : "none" }
            },
            "ViewerProtocolPolicy" : "allow-all"
          },
          "CustomErrorResponses": [{
            "ErrorCode": 403,
            "ResponsePagePath": "/index.html",
            "ResponseCode": "200",
            "ErrorCachingMinTTL": 10
          }],
          "PriceClass" : "PriceClass_200"
        }
      }
    }
  },
  "Outputs" : {
    "DistributionId" : {
      "Description": "The Cloudfront distribution ID",
      "Value" : { "Ref" : "myDistribution" }
    }
  }
}
